Invoice ID,Branch,City,Customer type,Gender,Product line,Unit price,Quantity,Tax 5%,Total,Date,Time,Payment,cogs,gross margin percentage,gross income,Rating
148-41-7930,C,Naypyitaw,Normal,Male,Health and beauty,99.96,7,34.986,734.706,1/23/2019,10:33,Cash,699.72,4.761904762,34.986,6.1
189-40-5216,C,Naypyitaw,Normal,Male,Electronic accessories,96.37,7,33.7295,708.3195,1/9/2019,11:40,Cash,674.59,4.761904762,33.7295,6
374-38-5555,B,Mandalay,Normal,Female,Fashion accessories,63.71,5,15.9275,334.4775,2/7/2019,19:30,Ewallet,318.55,4.761904762,15.9275,8.5
764-44-8999,B,Mandalay,Normal,Female,Health and beauty,14.76,2,1.476,30.996,2/18/2019,14:42,Ewallet,29.52,4.761904762,1.476,4.3
552-44-5977,B,Mandalay,Member,Male,Health and beauty,62,8,24.8,520.8,1/3/2019,19:08,Credit card,496,4.761904762,24.8,6.2
267-62-7380,C,Naypyitaw,Member,Male,Electronic accessories,82.34,10,41.17,864.57,3/29/2019,19:12,Ewallet,823.4,4.761904762,41.17,4.3
430-53-4718,B,Mandalay,Member,Male,Health and beauty,75.37,8,30.148,633.108,1/28/2019,15:46,Credit card,602.96,4.761904762,30.148,8.4
886-18-2897,A,Yangon,Normal,Female,Food and beverages,56.56,5,14.14,296.94,3/22/2019,19:06,Credit card,282.8,4.761904762,14.14,4.5
602-16-6955,B,Mandalay,Normal,Female,Sports and travel,76.6,10,38.3,804.3,1/24/2019,18:10,Ewallet,766,4.761904762,38.3,6
745-74-0715,A,Yangon,Normal,Male,Electronic accessories,58.03,2,5.803,121.863,3/10/2019,20:46,Ewallet,116.06,4.761904762,5.803,8.8
690-01-6631,B,Mandalay,Normal,Male,Fashion accessories,17.49,10,8.745,183.645,2/22/2019,18:35,Ewallet,174.9,4.761904762,8.745,6.6
652-49-6720,C,Naypyitaw,Member,Female,Electronic accessories,60.95,1,3.0475,63.9975,2/18/2019,11:40,Ewallet,60.95,4.761904762,3.0475,5.9
233-67-5758,C,Naypyitaw,Normal,Male,Health and beauty,40.35,1,2.0175,42.3675,1/29/2019,13:46,Ewallet,40.35,4.761904762,2.0175,6.2
303-96-2227,B,Mandalay,Normal,Female,Home and lifestyle,97.38,10,48.69,1022.49,3/2/2019,17:16,Ewallet,973.8,4.761904762,48.69,4.4
663-86-9076,C,Naypyitaw,Member,Female,Food and beverages,68.54,8,27.416,,1/8/2019,15:57,Ewallet,548.32,4.761904762,27.416,8.5